ad_id,advertiser,category,ad_title,ad_description,is_job_listing,job_category,compensation,creation_date,budget,targeting_strategy,ad_format,ad_objective,target_interests,protected_attr_score,age_group_18-24_targeting_weight,age_group_25-34_targeting_weight,age_group_35-44_targeting_weight,age_group_45-54_targeting_weight,age_group_55-64_targeting_weight,age_group_65+_targeting_weight,gender_Male_targeting_weight,gender_Female_targeting_weight,gender_Non-binary_targeting_weight,ethnicity_White_targeting_weight,ethnicity_Black_targeting_weight,ethnicity_Hispanic_targeting_weight,ethnicity_Asian_targeting_weight,ethnicity_Indigenous_targeting_weight,ethnicity_Other_targeting_weight,socioeconomic_status_Low_targeting_weight,socioeconomic_status_Medium_targeting_weight,socioeconomic_status_High_targeting_weight,disability_status_None_targeting_weight,disability_status_Physical_targeting_weight,disability_status_Cognitive_targeting_weight,disability_status_Sensory_targeting_weight,disability_status_Multiple_targeting_weight,geo_score,Northeast_targeting_weight,Southeast_targeting_weight,Midwest_targeting_weight,Southwest_targeting_weight,West_targeting_weight,device_score,mobile_targeting_weight,desktop_targeting_weight,apple_targeting_weight,android_targeting_weight,behavior_score,high_engagement_weight,high_value_weight,loyal_visitor_weight
0,Richardson-Hughes,Professional Services,Service Industry Position at Cunningham Group,"Adult trip hit next person surface business. Approach series worry easy family direction good.
Respond smile most successful skin happy available. Story together woman turn check hard by.",1,Service Industry,Very High,2025-03-09,High,Specific,Text,Awareness,Food,0.9493854283805748,0.5,0.5,0.5,0.5,0.5,0.5,0.5,0.5,0.5,0.5,0.5,0.5,0.5,0.5,0.5,0.5,0.5,0.5,0.5,0.5,0.5,0.5,0.5,0.9513973562030517,0.8329890746710681,0.5,0.5,0.5,0.7663912597368545,0.6880718381053424,0.5,0.6926601146694958,0.5,0.5,0.8278362458502337,0.5,0.5,0.5
1,Martinez PLC,Travel,Gamble-Hale Travel Offer,"Table money week turn couple account. Value management language health.
Accept increase type away sing should. Similar family create mind car. Film here lose toward board.",0,,,2025-05-01,Low,Broad,Interactive,Consideration,Gaming,0.3445720727924675,0.5,0.5,0.5,0.5,0.5,0.5,0.5,0.5,0.5,0.5,0.5,0.5,0.5,0.5,0.5,0.3793997745226364,0.5,0.6206002254773636,0.5,0.5,0.5,0.5,0.5,0.015443352890866957,0.5,0.5,0.5,0.5,0.5,0.5653311039438326,0.5,0.5,0.5,0.5,0.7127201175606954,0.7494520411462434,0.799342449375492,0.5
2,Perez LLC,Entertainment,Bryan Inc Entertainment Product,Bill attorney total see stage world require pick. Current quite safe in.,0,,,2025-04-21,Low,Broad,Text,Consideration,Arts,0.07653700502398231,0.5,0.5,0.5,0.5,0.5,0.5,0.5,0.5,0.5,0.5,0.5,0.5,0.5,0.5,0.5,0.5,0.5,0.5,0.5,0.5,0.5,0.5,0.5,0.17133284228797752,0.5,0.5,0.5,0.5,0.5,0.9249175597797672,0.7589769167383348,0.5,0.5,0.5,0.4539010419030649,0.5,0.5,0.5
3,Hawkins Ltd,Professional Services,Service Industry Position at Bauer-Anderson,"Chance pretty for carry. Computer woman the large dog message. International seat itself where.
Could technology early. Receive total subject section simple instead.
Democrat big role.",1,Service Industry,High,2025-04-02,Medium,Broad,Video,Engagement,"Gaming,Health,Travel",0.4939818325373134,0.5,0.5,0.5,0.5,0.5,0.5,0.5,0.5,0.5,0.5,0.5,0.5,0.5,0.5,0.5,0.5,0.5,0.5,0.5,0.5,0.5,0.5,0.5,0.2768810543581134,0.5969083690253397,0.5,0.5,0.5,0.5775266952202718,0.34755455696647986,0.5,0.5973152759506144,0.5,0.5,0.5061474181200531,0.5,0.5,0.5
4,"Tucker, Rodriguez and Lopez",Professional Services,Middle Management Position at Martinez-Diaz,"Guess forget may use. Bag them change class production ahead. Training other hour subject.
Doctor manage father guess. Goal through along gas.",1,Middle Management,High,2025-04-15,High,Specific,Video,Consideration,"Health,Sports,Food",0.9151778590100338,0.5,0.5,0.5,0.5,0.5,0.5,0.5,0.5,0.5,0.5,0.5,0.5,0.5,0.5,0.5,0.5,0.5,0.5,0.5,0.5,0.5,0.5,0.5,0.5124745827977926,0.6793661039792274,0.5,0.5,0.5,0.6434928831833819,0.4455597915285211,0.5,0.6247567416279859,0.5,0.5,0.3966931394416304,0.5,0.5,0.5
